epoch,acc,loss,val_acc,val_loss
0,0.9647903002386424,0.0981684037795275,0.7380242458920601,1.6426138495921287
1,0.9997213356206224,0.0018086250484169052,0.6416608614228605,2.4550788559367853
2,0.9983837287439615,0.006145296183443501,0.7602619470428155,1.6459674911071793
